27730-短视频拍摄功能产品经理（深圳）,产品/项目类,2,深圳,2018-06-07
WXG10-112 企业微信运营开发工程师（广州）,技术类,1,广州,2018-06-07
WXG06-117 微信支付智慧应用Android开发工程师（深圳）,技术类,1,深圳,2018-06-07
27730-交互设计师（深圳）,设计类,1,深圳,2018-06-07
27562-游戏发行制作人（深圳）,产品/项目类,1,深圳,2018-06-07
WXG10-143 企业微信后台安全策略工程师（广州）,技术类,1,广州,2018-06-07
WXG07-113 后台开发工程师（广州）,技术类,1,广州,2018-06-07
27092-高级内容运营（深圳）,产品/项目类,1,深圳,2018-06-07
15583-小游戏客户端开发工程师（海口）,技术类,1,海口,2018-06-07
23671-企鹅号原生广告内容策划运营（北京）,产品/项目类,1,北京,2018-06-07
27730-短视频拍摄功能产品经理（深圳）,产品/项目类,2,深圳,2018-06-07
WXG10-112 企业微信运营开发工程师（广州）,技术类,1,广州,2018-06-07
WXG06-117 微信支付智慧应用Android开发工程师（深圳）,技术类,1,深圳,2018-06-07
27730-交互设计师（深圳）,设计类,1,深圳,2018-06-07
27562-游戏发行制作人（深圳）,产品/项目类,1,深圳,2018-06-07
WXG10-143 企业微信后台安全策略工程师（广州）,技术类,1,广州,2018-06-07
WXG07-113 后台开发工程师（广州）,技术类,1,广州,2018-06-07
27092-高级内容运营（深圳）,产品/项目类,1,深圳,2018-06-07
15583-小游戏客户端开发工程师（海口）,技术类,1,海口,2018-06-07
23671-企鹅号原生广告内容策划运营（北京）,产品/项目类,1,北京,2018-06-07
27730-短视频拍摄功能产品经理（深圳）,产品/项目类,2,深圳,2018-06-07
WXG10-112 企业微信运营开发工程师（广州）,技术类,1,广州,2018-06-07
WXG06-117 微信支付智慧应用Android开发工程师（深圳）,技术类,1,深圳,2018-06-07
27730-交互设计师（深圳）,设计类,1,深圳,2018-06-07
27562-游戏发行制作人（深圳）,产品/项目类,1,深圳,2018-06-07
WXG10-143 企业微信后台安全策略工程师（广州）,技术类,1,广州,2018-06-07
WXG07-113 后台开发工程师（广州）,技术类,1,广州,2018-06-07
27092-高级内容运营（深圳）,产品/项目类,1,深圳,2018-06-07
15583-小游戏客户端开发工程师（海口）,技术类,1,海口,2018-06-07
23671-企鹅号原生广告内容策划运营（北京）,产品/项目类,1,北京,2018-06-07
27730-短视频拍摄功能产品经理（深圳）,产品/项目类,2,深圳,2018-06-07
WXG10-112 企业微信运营开发工程师（广州）,技术类,1,广州,2018-06-07
WXG06-117 微信支付智慧应用Android开发工程师（深圳）,技术类,1,深圳,2018-06-07
27730-交互设计师（深圳）,设计类,1,深圳,2018-06-07
27562-游戏发行制作人（深圳）,产品/项目类,1,深圳,2018-06-07
WXG10-143 企业微信后台安全策略工程师（广州）,技术类,1,广州,2018-06-07
WXG07-113 后台开发工程师（广州）,技术类,1,广州,2018-06-07
27092-高级内容运营（深圳）,产品/项目类,1,深圳,2018-06-07
15583-小游戏客户端开发工程师（海口）,技术类,1,海口,2018-06-07
23671-企鹅号原生广告内容策划运营（北京）,产品/项目类,1,北京,2018-06-07
27730-短视频拍摄功能产品经理（深圳）,产品/项目类,2,深圳,2018-06-07
WXG10-112 企业微信运营开发工程师（广州）,技术类,1,广州,2018-06-07
WXG06-117 微信支付智慧应用Android开发工程师（深圳）,技术类,1,深圳,2018-06-07
27730-交互设计师（深圳）,设计类,1,深圳,2018-06-07
27562-游戏发行制作人（深圳）,产品/项目类,1,深圳,2018-06-07
WXG10-143 企业微信后台安全策略工程师（广州）,技术类,1,广州,2018-06-07
WXG07-113 后台开发工程师（广州）,技术类,1,广州,2018-06-07
27092-高级内容运营（深圳）,产品/项目类,1,深圳,2018-06-07
15583-小游戏客户端开发工程师（海口）,技术类,1,海口,2018-06-07
23671-企鹅号原生广告内容策划运营（北京）,产品/项目类,1,北京,2018-06-07
27730-短视频拍摄功能产品经理（深圳）,产品/项目类,2,深圳,2018-06-07
WXG10-112 企业微信运营开发工程师（广州）,技术类,1,广州,2018-06-07
WXG06-117 微信支付智慧应用Android开发工程师（深圳）,技术类,1,深圳,2018-06-07
27730-交互设计师（深圳）,设计类,1,深圳,2018-06-07
27562-游戏发行制作人（深圳）,产品/项目类,1,深圳,2018-06-07
WXG10-143 企业微信后台安全策略工程师（广州）,技术类,1,广州,2018-06-07
WXG07-113 后台开发工程师（广州）,技术类,1,广州,2018-06-07
27092-高级内容运营（深圳）,产品/项目类,1,深圳,2018-06-07
15583-小游戏客户端开发工程师（海口）,技术类,1,海口,2018-06-07
23671-企鹅号原生广告内容策划运营（北京）,产品/项目类,1,北京,2018-06-07
27730-短视频拍摄功能产品经理（深圳）,产品/项目类,2,深圳,2018-06-07
WXG10-112 企业微信运营开发工程师（广州）,技术类,1,广州,2018-06-07
WXG06-117 微信支付智慧应用Android开发工程师（深圳）,技术类,1,深圳,2018-06-07
27730-交互设计师（深圳）,设计类,1,深圳,2018-06-07
27562-游戏发行制作人（深圳）,产品/项目类,1,深圳,2018-06-07
WXG10-143 企业微信后台安全策略工程师（广州）,技术类,1,广州,2018-06-07
WXG07-113 后台开发工程师（广州）,技术类,1,广州,2018-06-07
27092-高级内容运营（深圳）,产品/项目类,1,深圳,2018-06-07
15583-小游戏客户端开发工程师（海口）,技术类,1,海口,2018-06-07
23671-企鹅号原生广告内容策划运营（北京）,产品/项目类,1,北京,2018-06-07
